Episode,Total_Reward
1,85
2,45
3,160
4,65
5,5
6,125
7,5
8,65
9,105
10,160
11,135
12,165
13,105
14,120
15,25
16,0
17,110
18,0
19,135
20,95
21,0
22,200
23,75
24,45
25,85
26,130
27,110
28,20
29,285
30,140
31,105
32,55
33,50
34,130
35,0
36,70
37,145
38,100
39,20
40,180
41,105
42,155
43,40
44,110
45,75
46,25
47,85
48,70
49,60
50,120
51,55
52,240
53,55
54,135
55,115
56,80
57,5
58,215
59,40
60,185
61,70
62,90
63,250
64,85
65,115
66,10
67,80
68,5
69,45
70,125
71,85
72,125
73,40
74,170
75,130
76,180
77,125
78,0
79,100
80,130
81,160
82,60
83,80
84,55
85,5
86,0
87,45
88,155
89,105
90,30
91,150
92,160
93,75
94,155
95,140
96,75
97,150
98,180
99,0
100,0
101,120
102,0
103,40
104,0
105,175
106,85
107,20
108,100
109,65
110,55
111,175
112,175
113,40
114,70
115,100
116,195
117,70
118,105
119,20
120,65
121,40
122,130
123,75
124,180
125,85
126,135
127,185
128,190
129,225
130,100
131,130
132,155
133,45
134,135
135,295
136,55
137,160
138,90
139,265
140,190
141,165
142,30
143,100
144,90
145,115
146,180
147,70
148,80
149,150
150,110
151,140
152,265
153,170
154,70
155,115
156,95
157,240
158,145
159,60
160,0
161,140
162,150
163,30
164,40
165,160
166,170
167,170
168,150
169,340
170,190
171,190
172,65
173,125
174,65
175,20
176,295
177,290
178,115
179,320
180,5
181,295
182,0
183,130
184,170
185,115
186,180
187,70
188,150
189,130
190,100
191,285
192,205
193,210
194,170
195,290
196,395
197,290
198,50
199,280
200,350
201,220
202,190
203,225
204,205
205,30
206,60
207,180
208,150
209,50
210,250
211,145
212,280
213,160
214,90
215,150
216,205
217,165
218,65
219,0
220,130
221,85
222,125
223,350
224,345
225,280
226,170
227,165
228,55
229,205
230,125
231,225
232,165
233,150
234,300
235,155
236,180
237,210
238,20
239,255
240,45
241,25
242,15
243,320
244,155
245,80
246,290
247,130
248,85
249,130
250,160
251,175
252,235
253,310
254,175
255,365
256,260
257,175
258,175
259,225
260,150
261,265
262,70
263,130
264,265
265,75
266,85
267,130
268,170
269,300
270,315
271,205
272,145
273,45
274,160
275,70
276,290
277,85
278,0
279,0
280,510
281,185
282,375
283,150
284,75
285,55
286,365
287,90
288,90
289,335
290,290
291,255
292,75
293,245
294,75
295,95
296,180
297,330
298,15
299,240
300,235
301,70
302,425
303,265
304,220
305,40
306,360
307,275
308,185
309,310
310,225
311,125
312,250
313,290
314,530
315,235
316,150
317,395
318,355
319,220
320,35
321,150
322,180
323,105
324,245
325,135
326,70
327,150
328,20
329,245
330,185
331,120
332,160
333,320
334,250
335,25
336,65
337,185
338,160
339,190
340,140
341,165
342,165
343,35
344,165
345,55
346,240
347,30
348,80
349,230
350,150
351,135
352,160
353,50
354,155
355,165
356,185
357,35
358,120
359,145
360,80
361,120
362,80
363,35
364,135
365,175
366,175
367,225
368,100
369,160
370,315
371,220
372,155
373,45
374,200
375,140
376,40
377,0
378,150
379,80
380,245
381,230
382,65
383,190
384,0
385,90
386,75
387,0
388,20
389,260
390,90
391,55
392,50
393,125
394,150
395,190
396,5
397,140
398,150
399,75
400,150
401,80
402,5
403,170
404,240
405,45
406,100
407,165
408,190
409,295
410,265
411,30
412,60
413,150
414,80
415,25
416,10
417,115
418,50
419,0
420,75
421,90
422,75
423,70
424,140
425,290
426,40
427,265
428,180
429,100
430,70
431,165
432,20
433,200
434,260
435,0
436,200
437,175
438,145
439,135
440,115
441,130
442,190
443,165
444,275
445,65
446,125
447,105
448,85
449,200
450,170
451,265
452,240
453,390
454,265
455,175
456,145
457,105
458,0
459,60
460,65
461,100
462,160
463,220
464,200
465,130
466,190
467,155
468,135
469,220
470,280
471,115
472,70
473,135
474,90
475,175
476,160
477,90
478,95
479,155
480,65
481,185
482,205
483,255
484,215
485,130
486,260
487,150
488,175
489,255
490,45
491,0
492,185
493,115
494,165
495,95
496,210
497,130
498,145
499,235
500,100
501,125
502,255
503,210
504,225
505,185
506,0
507,70
508,310
509,250
510,215
511,160
512,220
513,65
514,100
515,390
516,0
517,180
518,220
519,145
520,80
521,320
522,110
523,250
524,65
525,150
526,75
527,80
528,150
529,230
530,310
531,180
532,65
533,135
534,160
535,155
536,0
537,135
538,275
539,15
540,285
541,305
542,180
543,110
544,60
545,170
546,255
547,145
548,90
549,150
550,75
551,195
552,175
553,140
554,0
555,145
556,95
557,215
558,115
559,150
560,55
561,90
562,95
563,85
564,55
565,115
566,25
567,85
568,70
569,120
570,0
571,55
572,160
573,135
574,85
575,160
576,120
577,85
578,160
579,150
580,240
581,85
582,190
583,65
584,70
585,80
586,0
587,120
588,135
589,50
590,85
591,30
592,0
593,80
594,215
595,120
596,225
597,0
598,160
599,115
600,45
601,45
602,55
603,100
604,100
605,100
606,140
607,165
608,195
609,80
610,115
611,0
612,0
613,0
614,115
615,5
616,235
617,125
618,80
619,0
620,75
621,215
622,125
623,250
624,180
625,240
626,85
627,95
628,70
629,150
630,100
631,60
632,95
633,0
634,80
635,60
636,65
637,190
638,125
639,105
640,75
641,55
642,55
643,80
644,20
645,90
646,120
647,35
648,105
649,250
650,70
651,75
652,140
653,0
654,75
655,190
656,110
657,55
658,115
659,230
660,0
661,150
662,45
663,35
664,40
665,30
666,175
667,170
668,145
669,125
670,75
671,80
672,50
673,205
674,35
675,125
676,150
677,230
678,205
679,200
680,170
681,170
682,110
683,45
684,175
685,130
686,65
687,35
688,85
689,75
690,145
691,195
692,85
693,100
694,130
695,165
696,105
697,175
698,40
699,290
700,175
701,70
702,275
703,240
704,50
705,275
706,100
707,25
708,100
709,80
710,150
711,145
712,120
713,225
714,185
715,220
716,180
717,160
718,85
719,130
720,215
721,205
722,155
723,85
724,185
725,95
726,100
727,185
728,0
729,150
730,330
731,120
732,160
733,205
734,55
735,120
736,340
737,120
738,135
739,150
740,70
741,110
742,155
743,240
744,230
745,5
746,40
747,255
748,230
749,95
750,120
751,330
752,255
753,75
754,185
755,150
756,130
757,350
758,160
759,330
760,85
761,240
762,120
763,230
764,110
765,250
766,235
767,80
768,185
769,280
770,145
771,275
772,120
773,0
774,100
775,195
776,80
777,185
778,365
779,240
780,265
781,195
782,225
783,195
784,310
785,65
786,120
787,285
788,170
789,200
790,175
791,120
792,275
793,165
794,95
795,155
796,255
797,260
798,255
799,145
800,80
801,290
802,190
803,315
804,275
805,200
806,170
807,0
808,185
809,200
810,170
811,240
812,245
813,170
814,185
815,135
816,160
817,190
818,325
819,295
820,255
821,0
822,40
823,125
824,215
825,280
826,500
827,0
828,220
829,415
830,105
831,210
832,55
833,95
834,75
835,0
836,135
837,90
838,330
839,325
840,325
841,245
842,190
843,130
844,35
845,60
846,230
847,0
848,180
849,265
850,195
851,395
852,320
853,15
854,65
855,210
856,220
857,125
858,230
859,275
860,320
861,140
862,415
863,190
864,190
865,105
866,170
867,50
868,60
869,350
870,215
871,305
872,150
873,85
874,120
875,230
876,135
877,0
878,105
879,215
880,250
881,140
882,195
883,170
884,160
885,275
886,120
887,230
888,210
889,310
890,270
891,265
892,330
893,255
894,255
895,235
896,170
897,105
898,90
899,125
900,280
901,125
902,220
903,160
904,130
905,100
906,0
907,260
908,85
909,230
910,25
911,230
912,225
913,290
914,210
915,150
916,150
917,195
918,125
919,195
920,240
921,225
922,200
923,340
924,95
925,345
926,370
927,380
928,125
929,75
930,100
931,235
932,35
933,240
934,140
935,140
936,95
937,205
938,270
939,140
940,195
941,0
942,160
943,240
944,30
945,160
946,275
947,90
948,145
949,25
950,270
951,140
952,25
953,140
954,240
955,95
956,55
957,210
958,215
959,170
960,20
961,225
962,245
963,190
964,195
965,170
966,95
967,260
968,215
969,150
970,80
971,95
972,15
973,5
974,190
975,260
976,285
977,165
978,120
979,200
980,150
981,295
982,135
983,10
984,195
985,145
986,70
987,175
988,130
989,100
990,235
991,160
992,220
993,0
994,235
995,0
996,255
997,135
998,125
999,35
1000,65
1001,50
1002,60
1003,155
1004,175
1005,200
1006,90
1007,140
1008,290
1009,160
1010,235
1011,135
1012,150
1013,355
1014,150
1015,175
1016,310
1017,170
1018,0
1019,275
1020,280
1021,380
1022,220
1023,150
1024,85
1025,235
1026,140
1027,135
1028,250
1029,245
1030,135
1031,45
1032,100
1033,195
1034,145
1035,120
1036,255
1037,25
1038,115
1039,15
1040,230
1041,185
1042,260
1043,200
1044,210
1045,40
1046,250
1047,30
1048,285
1049,260
1050,130
1051,215
1052,240
1053,65
1054,220
1055,80
1056,265
1057,225
1058,240
1059,145
1060,135
1061,245
1062,460
1063,145
1064,265
1065,230
1066,365
1067,215
1068,50
1069,0
1070,170
1071,130
1072,180
1073,135
1074,80
1075,255
1076,280
1077,185
1078,215
1079,230
1080,150
1081,175
1082,70
1083,285
1084,230
1085,190
1086,100
1087,75
1088,190
1089,95
1090,190
1091,190
1092,115
1093,245
1094,155
1095,115
1096,190
1097,340
1098,325
1099,60
1100,185
1101,245
1102,55
1103,110
1104,190
1105,180
1106,265
1107,270
1108,200
1109,185
1110,110
1111,190
1112,310
1113,155
1114,175
1115,345
1116,35
1117,365
1118,330
1119,40
1120,210
1121,380
1122,335
1123,175
1124,235
1125,150
1126,315
1127,20
1128,280
1129,375
1130,210
1131,190
1132,235
1133,55
1134,70
1135,250
1136,110
1137,285
1138,215
1139,210
1140,55
1141,240
1142,120
1143,130
1144,245
1145,130
1146,265
1147,55
1148,135
1149,60
1150,215
1151,110
1152,260
1153,300
1154,75
1155,165
1156,400
1157,75
1158,195
1159,0
1160,270
1161,245
1162,345
1163,295
1164,180
1165,100
1166,365
1167,155
1168,50
1169,135
1170,170
1171,170
1172,230
1173,235
1174,140
1175,170
1176,110
1177,165
1178,0
1179,300
1180,250
1181,235
1182,275
1183,255
1184,295
1185,55
1186,315
1187,150
1188,180
1189,295
1190,70
1191,210
1192,200
1193,200
1194,75
1195,115
1196,220
1197,395
1198,185
1199,160
1200,0
1201,215
1202,245
1203,225
1204,235
1205,130
1206,390
1207,380
1208,305
1209,305
1210,230
1211,205
1212,50
1213,360
1214,300
1215,180
1216,135
1217,200
1218,110
1219,325
1220,220
1221,220
1222,160
1223,15
1224,310
1225,210
1226,265
1227,210
1228,330
1229,240
1230,305
1231,0
1232,170
1233,0
1234,260
1235,170
1236,160
1237,140
1238,380
1239,255
1240,115
1241,225
1242,320
1243,245
1244,95
1245,180
1246,135
1247,0
1248,315
1249,70
1250,300
1251,295
1252,85
1253,290
1254,265
1255,190
1256,35
1257,205
1258,260
1259,280
1260,260
1261,345
1262,270
1263,280
1264,135
1265,205
1266,45
1267,220
1268,120
1269,150
1270,140
1271,575
1272,220
1273,250
1274,210
1275,0
1276,200
1277,120
1278,260
1279,310
1280,160
1281,355
1282,240
1283,0
1284,0
1285,120
1286,180
1287,140
1288,285
1289,190
1290,105
1291,310
1292,215
1293,190
1294,0
1295,10
1296,5
1297,190
1298,140
1299,130
1300,210
1301,300
1302,30
1303,295
1304,355
1305,180
1306,105
1307,260
1308,175
1309,85
1310,110
1311,285
1312,275
1313,140
1314,35
1315,75
1316,145
1317,0
1318,280
1319,235
1320,225
1321,90
1322,180
1323,0
1324,240
1325,115
1326,140
1327,225
1328,110
1329,140
1330,125
1331,255
1332,275
1333,75
1334,235
1335,235
1336,195
1337,245
1338,105
1339,280
1340,260
1341,130
1342,110
1343,250
1344,205
1345,145
1346,200
1347,55
1348,160
1349,105
1350,105
1351,110
1352,50
1353,190
1354,110
1355,200
1356,125
1357,120
1358,170
1359,0
1360,135
1361,335
1362,10
1363,320
1364,125
1365,215
1366,270
1367,170
1368,240
1369,0
1370,100
1371,190
1372,145
1373,465
1374,95
1375,175
1376,130
1377,270
1378,380
1379,155
1380,210
1381,235
1382,330
1383,90
1384,150
1385,270
1386,130
1387,255
1388,280
1389,95
1390,170
1391,0
1392,85
1393,155
1394,0
1395,245
1396,140
1397,405
1398,25
1399,95
1400,5
1401,105
1402,355
1403,70
1404,270
1405,230
1406,390
1407,185
1408,105
1409,300
1410,260
1411,185
1412,230
1413,0
1414,165
1415,145
1416,255
1417,265
1418,145
1419,150
1420,310
1421,270
1422,215
1423,55
1424,310
1425,160
1426,195
1427,160
1428,160
1429,90
1430,0
1431,130
1432,265
1433,140
1434,180
1435,55
1436,360
1437,35
1438,150
1439,215
1440,190
1441,240
1442,105
1443,135
1444,125
1445,55
1446,275
1447,165
1448,230
1449,120
1450,205
1451,75
1452,55
1453,215
1454,145
1455,345
1456,190
1457,0
1458,350
1459,140
1460,35
1461,130
1462,130
1463,245
1464,135
1465,245
1466,75
1467,290
1468,280
1469,145
1470,305
1471,120
1472,20
1473,140
1474,105
1475,100
1476,185
1477,0
1478,275
1479,160
1480,250
1481,80
1482,285
1483,235
1484,120
1485,155
1486,270
1487,170
1488,195
1489,240
1490,355
1491,350
1492,130
1493,165
1494,50
1495,20
1496,80
1497,230
1498,330
1499,200
1500,255
1501,115
1502,175
1503,120
1504,225
1505,295
1506,75
1507,215
1508,20
1509,70
1510,90
1511,150
1512,125
1513,265
1514,5
1515,365
1516,195
1517,0
1518,190
1519,140
1520,175
1521,120
1522,20
1523,175
1524,75
1525,155
1526,100
1527,285
1528,255
1529,215
1530,320
1531,130
1532,265
1533,370
1534,220
1535,85
1536,75
1537,185
1538,140
1539,125
1540,145
1541,235
1542,125
1543,25
1544,245
1545,325
1546,145
1547,165
1548,125
1549,115
1550,170
1551,110
1552,80
1553,205
1554,165
1555,110
1556,115
1557,205
1558,230
1559,90
1560,150
1561,270
1562,390
1563,105
1564,210
1565,370
1566,235
1567,155
1568,225
1569,155
1570,260
1571,50
1572,65
1573,440
1574,195
1575,345
1576,325
1577,90
1578,260
1579,350
1580,210
1581,105
1582,290
1583,200
1584,245
1585,240
1586,0
1587,60
1588,200
1589,190
1590,200
1591,390
1592,145
1593,0
1594,215
1595,235
1596,300
1597,310
1598,160
1599,160
1600,115
1601,0
1602,95
1603,155
1604,220
1605,180
1606,45
1607,230
1608,340
1609,245
1610,150
1611,275
1612,0
1613,10
1614,270
1615,365
1616,300
1617,325
1618,160
1619,55
1620,225
1621,210
1622,125
1623,40
1624,115
1625,260
1626,260
1627,230
1628,270
1629,290
1630,210
1631,135
1632,310
1633,0
1634,300
1635,215
1636,0
1637,245
1638,65
1639,300
1640,355
1641,105
1642,130
1643,0
1644,280
1645,110
1646,170
1647,215
1648,85
1649,10
1650,145
1651,190
1652,275
1653,110
1654,115
1655,155
1656,155
1657,230
1658,300
1659,220
1660,90
1661,195
1662,135
1663,195
1664,50
1665,0
1666,250
1667,380
1668,200
1669,280
1670,130
1671,215
1672,275
1673,330
1674,425
1675,110
1676,390
1677,110
1678,75
1679,110
1680,305
1681,255
1682,320
1683,265
1684,165
1685,145
1686,95
1687,70
1688,340
1689,315
1690,105
1691,335
1692,170
1693,370
1694,220
1695,300
1696,150
1697,155
1698,180
1699,255
1700,265
1701,200
1702,50
1703,180
1704,75
1705,140
1706,195
1707,120
1708,240
1709,135
1710,230
1711,270
1712,220
1713,355
1714,305
1715,140
1716,140
1717,180
1718,200
1719,150
1720,250
1721,185
1722,0
1723,260
1724,275
1725,335
1726,220
1727,45
1728,180
1729,100
1730,115
1731,330
1732,170
1733,200
1734,215
1735,370
1736,315
1737,375
1738,0
1739,215
1740,0
1741,270
1742,115
1743,110
1744,230
1745,120
1746,230
1747,280
1748,235
1749,140
1750,270
1751,85
1752,170
1753,225
1754,85
1755,320
1756,260
1757,160
1758,450
1759,380
1760,355
1761,75
1762,170
1763,315
1764,205
1765,140
1766,190
1767,270
1768,35
1769,180
1770,215
1771,280
1772,265
1773,175
1774,0
1775,135
1776,360
1777,260
1778,215
1779,185
1780,230
1781,220
1782,335
1783,210
1784,255
1785,240
1786,300
1787,95
1788,15
1789,90
1790,180
1791,85
1792,120
1793,215
1794,155
1795,200
1796,150
1797,0
1798,100
1799,145
1800,150
1801,80
1802,150
1803,170
1804,285
1805,345
1806,90
1807,130
1808,175
1809,215
1810,100
1811,0
1812,220
1813,230
1814,210
1815,275
1816,215
1817,210
1818,90
1819,285
1820,230
1821,295
1822,0
1823,195
1824,285
1825,85
1826,125
1827,205
1828,355
1829,0
1830,185
1831,220
1832,380
1833,210
1834,170
1835,195
1836,145
1837,350
1838,165
1839,175
1840,25
1841,225
1842,110
1843,145
1844,130
1845,375
1846,180
1847,220
1848,90
1849,250
1850,250
1851,200
1852,170
1853,335
1854,255
1855,115
1856,130
1857,205
1858,110
1859,175
1860,0
1861,290
1862,190
1863,85
1864,300
1865,275
1866,95
1867,355
1868,135
1869,365
1870,305
1871,455
1872,95
1873,135
1874,290
1875,305
1876,195
1877,165
1878,245
1879,200
1880,110
1881,270
1882,245
1883,130
1884,340
1885,170
1886,330
1887,275
1888,295
1889,90
1890,155
1891,355
1892,235
1893,185
1894,55
1895,125
1896,140
1897,215
1898,235
1899,165
1900,250
1901,370
1902,120
1903,310
1904,210
1905,175
1906,395
1907,155
1908,150
1909,360
1910,65
1911,45
1912,370
1913,315
1914,165
1915,105
1916,255
1917,65
1918,345
1919,215
1920,180
1921,130
1922,230
1923,175
1924,235
1925,70
1926,265
1927,415
1928,95
1929,205
1930,115
1931,205
1932,230
1933,335
1934,185
1935,75
1936,365
1937,120
1938,190
1939,125
1940,205
1941,40
1942,265
1943,0
1944,140
1945,250
1946,175
1947,15
1948,125
1949,45
1950,170
1951,180
1952,95
1953,365
1954,245
1955,180
1956,130
1957,240
1958,180
1959,255
1960,240
1961,170
1962,100
1963,275
1964,275
1965,15
1966,95
1967,290
1968,130
1969,65
1970,215
1971,90
1972,110
1973,285
1974,50
1975,170
1976,220
1977,160
1978,125
1979,155
1980,235
1981,185
1982,150
1983,165
1984,65
1985,155
1986,155
1987,445
1988,260
1989,40
1990,195
1991,90
1992,140
1993,305
1994,155
1995,135
1996,155
1997,65
1998,195
1999,175
2000,170
2001,265
2002,10
2003,115
2004,135
2005,205
2006,110
2007,375
2008,370
2009,295
2010,135
2011,105
2012,250
2013,310
2014,185
2015,125
2016,345
2017,215
2018,230
2019,0
2020,175
2021,170
2022,150
2023,10
2024,140
2025,0
2026,215
2027,140
2028,165
2029,250
2030,135
2031,30
2032,160
2033,35
2034,75
2035,140
2036,120
2037,175
2038,130
2039,140
2040,55
2041,130
2042,230
2043,345
2044,10
2045,190
2046,145
2047,130
2048,255
2049,150
2050,175
2051,130
2052,70
2053,0
2054,220
2055,140
2056,35
2057,30
2058,75
2059,145
2060,270
2061,10
2062,115
2063,150
2064,75
2065,295
2066,5
2067,100
2068,145
2069,260
2070,215
2071,115
2072,135
2073,0
2074,195
2075,0
2076,55
2077,0
2078,25
2079,85
2080,105
2081,225
2082,225
2083,25
2084,85
2085,55
2086,60
2087,265
2088,70
2089,185
2090,355
2091,100
2092,125
2093,215
2094,240
2095,135
2096,75
2097,205
2098,10
2099,0
2100,160
2101,195
2102,155
2103,0
2104,175
2105,205
2106,160
2107,215
2108,115
2109,110
2110,120
2111,175
2112,150
2113,60
2114,355
2115,180
2116,330
2117,60
2118,210
2119,125
2120,240
2121,50
2122,190
2123,50
2124,215
2125,235
2126,235
2127,105
2128,205
2129,205
2130,220
2131,270
2132,300
2133,290
2134,60
2135,95
2136,195
2137,175
2138,205
2139,100
2140,325
2141,465
2142,295
2143,10
2144,70
2145,60
2146,245
2147,140
2148,170
2149,200
2150,210
2151,390
2152,255
2153,110
2154,315
2155,185
2156,140
2157,65
2158,5
2159,0
2160,450
2161,130
2162,275
2163,95
2164,180
2165,285
2166,395
2167,465
2168,75
2169,195
2170,190
2171,285
2172,235
2173,325
2174,220
2175,320
2176,230
2177,280
2178,395
2179,135
2180,95
2181,190
2182,280
2183,265
2184,265
2185,45
2186,365
2187,215
2188,155
2189,195
2190,100
2191,300
2192,345
2193,425
2194,25
2195,165
2196,425
2197,310
2198,45
2199,85
2200,575
2201,475
2202,380
2203,250
2204,255
2205,185
2206,230
2207,100
2208,340
2209,90
2210,435
2211,265
2212,55
2213,160
2214,190
2215,225
2216,390
2217,160
2218,535
2219,270
2220,325
2221,15
2222,140
2223,155
2224,170
2225,50
2226,505
2227,400
2228,285
2229,190
2230,110
2231,295
2232,305
2233,335
2234,170
2235,405
2236,355
2237,200
2238,185
2239,480
2240,180
2241,290
2242,490
2243,305
2244,405
2245,410
2246,190
2247,485
2248,330
2249,260
2250,115
2251,420
2252,475
2253,320
2254,375
2255,505
2256,325
2257,310
2258,485
2259,350
2260,210
2261,220
2262,370
2263,225
2264,290
2265,310
2266,485
2267,355
2268,470
2269,210
2270,315
2271,320
2272,360
2273,200
2274,525
2275,90
2276,215
2277,300
2278,195
2279,160
2280,230
2281,580
2282,160
2283,350
2284,315
2285,315
2286,330
2287,130
2288,320
2289,50
2290,195
2291,235
2292,230
2293,210
2294,380
2295,325
2296,155
2297,75
2298,350
2299,420
2300,115
2301,220
2302,35
2303,170
2304,175
2305,340
2306,275
2307,470
2308,335
2309,275
2310,35
2311,345
2312,385
2313,265
2314,170
2315,205
2316,320
2317,345
2318,230
2319,215
2320,75
2321,315
2322,395
2323,35
2324,350
2325,25
2326,420
2327,120
2328,255
2329,110
2330,335
2331,335
2332,355
2333,200
2334,250
2335,440
2336,580
2337,5
2338,340
2339,250
2340,285
2341,530
2342,325
2343,530
2344,465
2345,285
2346,10
2347,505
2348,175
2349,165
2350,190
2351,345
2352,260
2353,215
2354,250
2355,285
2356,345
2357,255
2358,185
2359,185
2360,420
2361,0
2362,65
2363,220
2364,305
2365,370
2366,210
2367,360
2368,90
2369,285
2370,415
2371,125
2372,95
2373,455
2374,370
2375,405
2376,280
2377,315
2378,375
2379,0
2380,290
2381,170
2382,275
2383,405
2384,150
2385,300
2386,295
2387,230
2388,370
2389,420
2390,350
2391,135
2392,225
2393,280
2394,175
2395,390
2396,505
2397,185
2398,520
2399,165
2400,185
2401,100
2402,395
2403,235
2404,395
2405,110
2406,230
2407,310
2408,360
2409,390
2410,255
2411,270
2412,170
2413,310
2414,215
2415,105
2416,315
2417,180
2418,270
2419,395
2420,375
2421,0
2422,345
2423,45
2424,135
2425,310
2426,155
2427,435
2428,340
2429,375
2430,175
2431,80
2432,230
2433,255
2434,135
2435,70
2436,345
2437,215
2438,155
2439,360
2440,250
2441,205
2442,100
2443,305
2444,245
2445,0
2446,80
2447,200
2448,275
2449,250
2450,115
2451,200
2452,115
2453,530
2454,410
2455,100
2456,330
2457,270
2458,190
2459,0
2460,265
2461,240
2462,310
2463,190
2464,230
2465,405
2466,265
2467,210
2468,160
2469,200
2470,330
2471,130
2472,260
2473,300
2474,130
2475,165
2476,215
2477,25
2478,255
2479,255
2480,225
2481,320
2482,315
2483,420
2484,170
2485,175
2486,100
2487,415
2488,345
2489,80
2490,160
2491,245
2492,145
2493,330
2494,275
2495,280
2496,145
2497,295
2498,280
2499,310
2500,485
2501,240
2502,220
2503,315
2504,300
2505,220
2506,150
2507,450
2508,155
2509,275
2510,110
2511,370
2512,135
2513,165
2514,370
2515,60
2516,240
2517,35
2518,535
2519,355
2520,330
2521,275
2522,120
2523,110
2524,135
2525,320
2526,30
2527,210
2528,15
2529,380
2530,425
2531,200
2532,185
2533,325
2534,290
2535,245
2536,195
2537,310
2538,205
2539,170
2540,225
2541,310
2542,280
2543,235
2544,325
2545,240
2546,330
2547,410
2548,200
2549,265
2550,290
2551,305
2552,330
2553,305
2554,175
2555,260
2556,415
2557,390
2558,320
2559,400
2560,260
2561,325
2562,140
2563,15
2564,85
2565,250
2566,390
2567,480
2568,380
2569,305
2570,175
2571,195
2572,450
2573,190
2574,245
2575,0
2576,530
2577,220
2578,360
2579,250
2580,315
2581,195
2582,310
2583,335
2584,335
2585,340
2586,270
2587,220
2588,275
2589,0
2590,395
2591,285
2592,290
2593,535
2594,355
2595,195
2596,210
2597,415
2598,405
2599,300
2600,175
2601,95
2602,245
2603,430
2604,320
2605,435
2606,365
2607,205
2608,70
2609,500
2610,305
2611,210
2612,190
2613,540
2614,425
2615,275
2616,260
2617,215
2618,190
2619,205
2620,415
2621,190
2622,335
2623,155
2624,390
2625,455
2626,35
2627,255
2628,160
2629,345
2630,165
2631,150
2632,250
2633,65
2634,480
2635,270
2636,215
2637,275
2638,245
2639,340
2640,300
2641,0
2642,205
2643,240
2644,300
2645,210
2646,455
2647,145
2648,325
2649,365
2650,180
2651,120
2652,175
2653,120
2654,150
2655,40
2656,275
2657,300
2658,380
2659,40
2660,40
2661,335
2662,265
2663,405
2664,155
2665,325
2666,195
2667,180
2668,180
2669,205
2670,115
2671,255
2672,100
2673,315
2674,475
2675,110
2676,185
2677,375
2678,205
2679,185
2680,280
2681,245
2682,140
2683,185
2684,360
2685,125
2686,145
2687,230
2688,170
2689,170
2690,305
2691,0
2692,190
2693,360
2694,395
2695,340
2696,85
2697,265
2698,140
2699,135
2700,140
2701,195
2702,240
2703,310
2704,340
2705,125
2706,210
2707,200
2708,0
2709,280
2710,235
2711,165
2712,55
2713,135
2714,225
2715,155
2716,240
2717,20
2718,165
2719,360
2720,155
2721,385
2722,135
2723,220
2724,150
2725,330
2726,135
2727,95
2728,180
2729,135
2730,235
2731,175
2732,390
2733,220
2734,350
2735,295
2736,270
2737,190
2738,225
2739,380
2740,200
2741,200
2742,55
2743,255
2744,40
2745,215
2746,315
2747,85
2748,400
2749,255
2750,235
2751,200
2752,250
2753,240
2754,430
2755,315
2756,235
2757,355
2758,275
2759,375
2760,175
2761,455
2762,330
2763,20
2764,330
2765,230
2766,330
2767,130
2768,205
2769,305
2770,65
2771,330
2772,0
2773,250
2774,455
2775,205
2776,160
2777,350
2778,25
2779,335
2780,365
2781,225
2782,285
2783,290
2784,60
2785,255
2786,315
2787,380
2788,270
2789,390
2790,420
2791,375
2792,225
2793,265
2794,505
2795,215
2796,495
2797,265
2798,225
2799,320
2800,140
2801,275
2802,280
2803,345
2804,240
2805,435
2806,0
2807,345
2808,570
2809,90
2810,320
2811,330
2812,265
2813,45
2814,100
2815,195
2816,205
2817,105
2818,280
2819,195
2820,30
2821,300
2822,250
2823,370
2824,115
2825,160
2826,415
2827,325
2828,20
2829,345
2830,335
2831,315
2832,175
2833,290
2834,425
2835,485
2836,145
2837,155
2838,195
2839,405
2840,395
2841,350
2842,510
2843,245
2844,420
2845,225
2846,145
2847,240
2848,385
2849,180
2850,530
2851,0
2852,250
2853,35
2854,250
2855,185
2856,250
2857,360
2858,225
2859,540
2860,280
2861,215
2862,480
2863,115
2864,210
2865,130
2866,185
2867,100
2868,245
2869,280
2870,425
2871,315
2872,355
2873,355
2874,45
2875,490
2876,425
2877,270
2878,60
2879,265
2880,245
2881,210
2882,440
2883,185
2884,340
2885,265
2886,150
2887,560
2888,280
2889,430
2890,340
2891,240
2892,255
2893,160
2894,285
2895,285
2896,215
2897,380
2898,335
2899,185
2900,115
2901,140
2902,380
2903,0
2904,245
2905,120
2906,190
2907,315
2908,245
2909,285
2910,70
2911,310
2912,340
2913,325
2914,335
2915,405
2916,265
2917,225
2918,250
2919,345
2920,130
2921,50
2922,395
2923,275
2924,130
2925,580
2926,370
2927,225
2928,370
2929,450
2930,280
2931,180
2932,400
2933,175
2934,235
2935,205
2936,380
2937,325
2938,195
2939,345
2940,300
2941,345
2942,345
2943,445
2944,365
2945,135
2946,325
2947,210
2948,130
2949,280
2950,190
2951,245
2952,95
2953,300
2954,75
2955,40
2956,245
2957,240
2958,60
2959,50
2960,270
2961,0
2962,210
2963,250
2964,295
2965,300
2966,85
2967,315
2968,450
2969,225
2970,170
2971,165
2972,320
2973,355
2974,315
2975,275
2976,330
2977,140
2978,295
2979,70
2980,110
2981,385
2982,400
2983,195
2984,125
2985,100
2986,160
2987,190
2988,265
2989,195
2990,255
2991,195
2992,5
2993,160
2994,380
2995,185
2996,65
2997,160
2998,110
2999,115
3000,5
3001,110
3002,125
3003,155
3004,340
3005,255
3006,240
3007,400
3008,190
3009,250
3010,185
3011,115
3012,75
3013,345
3014,215
3015,305
3016,300
3017,225
3018,80
3019,160
3020,180
3021,295
3022,280
3023,520
3024,260
3025,180
3026,375
3027,280
3028,305
3029,75
3030,480
3031,360
3032,115
3033,220
3034,180
3035,235
3036,485
3037,135
3038,250
3039,110
3040,325
3041,195
3042,125
3043,315
3044,210
3045,320
3046,135
3047,180
3048,185
3049,410
3050,180
3051,255
3052,175
3053,290
3054,190
3055,210
3056,340
3057,105
3058,0
3059,90
3060,260
3061,210
3062,385
3063,160
3064,305
3065,155
3066,390
3067,355
3068,200
3069,370
3070,345
3071,320
3072,250
3073,490
3074,80
3075,120
3076,200
3077,265
3078,280
3079,280
3080,405
3081,20
3082,240
3083,565
3084,205
3085,200
3086,315
3087,390
3088,355
3089,140
3090,30
3091,460
3092,290
3093,460
3094,220
3095,250
3096,115
3097,375
3098,25
3099,330
3100,350
3101,185
3102,385
3103,420
3104,240
3105,240
3106,160
3107,205
3108,265
3109,260
3110,155
3111,180
3112,335
3113,345
3114,130
3115,380
3116,205
3117,195
3118,25
3119,390
3120,185
3121,240
3122,310
3123,305
3124,100
3125,370
3126,475
3127,405
3128,405
3129,340
3130,310
3131,345
3132,545
3133,220
3134,400
3135,400
3136,215
3137,195
3138,95
3139,250
3140,165
3141,95
3142,310
3143,215
3144,330
3145,350
3146,345
3147,180
3148,395
3149,0
3150,40
3151,85
3152,90
3153,160
3154,265
3155,290
3156,465
3157,0
3158,195
3159,75
3160,10
3161,250
3162,125
3163,420
3164,265
3165,285
3166,260
3167,210
3168,180
3169,85
3170,250
3171,245
3172,110
3173,190
3174,150
3175,295
3176,230
3177,115
3178,45
3179,290
3180,490
3181,355
3182,350
3183,210
3184,145
3185,80
3186,0
3187,160
3188,140
3189,400
3190,210
3191,0
3192,90
3193,175
3194,205
3195,200
3196,100
3197,160
3198,290
3199,365
3200,420
3201,450
3202,80
3203,245
3204,140
3205,220
3206,355
3207,225
3208,0
3209,250
3210,285
3211,145
3212,355
3213,310
3214,400
3215,380
3216,125
3217,0
3218,235
3219,190
3220,205
3221,140
3222,255
3223,155
3224,190
3225,345
3226,230
3227,390
3228,65
3229,210
3230,310
3231,245
3232,160
3233,400
3234,210
3235,105
3236,260
3237,200
3238,285
3239,45
3240,430
3241,110
3242,260
3243,0
3244,355
3245,140
3246,340
3247,335
3248,260
3249,280
3250,70
3251,385
3252,275
3253,340
3254,310
3255,245
3256,230
3257,20
3258,260
3259,90
3260,290
3261,50
3262,260
3263,180
3264,205
3265,105
3266,45
3267,240
3268,355
3269,300
3270,285
3271,315
3272,125
3273,205
3274,75
3275,220
3276,5
3277,165
3278,165
3279,325
3280,220
3281,360
3282,170
3283,285
3284,100
3285,290
3286,315
3287,305
3288,145
3289,290
3290,320
3291,235
3292,100
3293,160
3294,290
3295,310
3296,160
3297,105
3298,205
3299,250
3300,265
3301,175
3302,205
3303,210
3304,240
3305,460
3306,160
3307,190
3308,225
3309,180
3310,170
3311,265
3312,355
3313,355
3314,275
3315,90
3316,100
3317,430
3318,270
3319,275
3320,140
3321,500
3322,295
3323,205
3324,170
3325,190
3326,305
3327,155
3328,395
3329,0
3330,300
3331,245
3332,315
3333,240
3334,225
3335,165
3336,260
3337,180
3338,155
3339,115
3340,340
3341,290
3342,355
3343,330
3344,420
3345,240
3346,260
3347,225
3348,110
3349,200
3350,280
3351,195
3352,255
3353,315
3354,120
3355,95
3356,35
3357,20
3358,145
3359,260
3360,475
3361,465
3362,480
3363,275
3364,200
3365,305
3366,210
3367,370
3368,245
3369,525
3370,400
3371,350
3372,75
3373,450
3374,185
3375,420
3376,285
3377,80
3378,205
3379,0
3380,280
3381,300
3382,155
3383,205
3384,260
3385,445
3386,280
3387,190
3388,355
3389,150
3390,295
3391,315
3392,205
3393,305
3394,415
3395,520
3396,205
3397,495
3398,570
3399,0
3400,145
3401,195
3402,240
3403,80
3404,150
3405,340
3406,230
3407,220
3408,435
3409,200
3410,250
3411,165
3412,320
3413,320
3414,270
3415,305
3416,165
3417,370
3418,470
3419,35
3420,220
3421,295
3422,240
3423,280
3424,470
3425,265
3426,530
3427,390
3428,205
3429,90
3430,0
3431,290
3432,120
3433,205
3434,245
3435,320
3436,450
3437,160
3438,400
3439,155
3440,445
3441,125
3442,205
3443,330
3444,225
3445,505
3446,155
3447,60
3448,270
3449,340
3450,340
3451,230
3452,290
3453,230
3454,330
3455,235
3456,280
3457,350
3458,330
3459,420
3460,325
3461,420
3462,400
3463,5
3464,355
3465,75
3466,110
3467,315
3468,160
3469,95
3470,40
3471,245
3472,200
3473,320
3474,330
3475,320
3476,370
3477,100
3478,0
3479,295
3480,375
3481,270
3482,250
3483,130
3484,540
3485,360
3486,195
3487,235
3488,85
3489,175
3490,425
3491,325
3492,270
3493,440
3494,395
3495,0
3496,95
3497,0
3498,330
3499,40
3500,235
3501,415
3502,155
3503,325
3504,480
3505,265
3506,145
3507,230
3508,135
3509,160
3510,380
3511,265
3512,320
3513,320
3514,350
3515,340
3516,240
3517,310
3518,445
3519,240
3520,110
3521,195
3522,530
3523,180
3524,290
3525,160
3526,205
3527,0
3528,195
3529,0
3530,230
3531,315
3532,200
3533,340
3534,245
3535,330
3536,215
3537,580
3538,125
3539,285
3540,255
3541,65
3542,460
3543,360
3544,325
3545,150
3546,500
3547,205
3548,185
3549,190
3550,280
3551,125
3552,335
3553,145
3554,205
3555,290
3556,265
3557,95
3558,435
3559,165
3560,455
3561,330
3562,0
3563,250
3564,430
3565,250
3566,255
3567,495
3568,465
3569,320
3570,580
3571,200
3572,100
3573,145
3574,310
3575,430
3576,280
3577,245
3578,55
3579,190
3580,230
3581,325
3582,505
3583,80
3584,315
3585,220
3586,380
3587,275
3588,410
3589,200
3590,260
3591,110
3592,185
3593,320
3594,295
3595,225
3596,165
3597,220
3598,100
3599,280
3600,395
3601,130
3602,100
3603,155
3604,300
3605,130
3606,180
3607,180
3608,105
3609,310
3610,280
3611,90
3612,310
3613,360
3614,0
3615,55
3616,185
3617,415
3618,245
3619,170
3620,190
3621,380
3622,240
3623,410
3624,455
3625,90
3626,95
3627,160
3628,95
3629,200
3630,145
3631,410
3632,130
3633,65
3634,300
3635,310
3636,195
3637,360
3638,180
3639,215
3640,325
3641,155
3642,200
3643,160
3644,205
3645,225
3646,235
3647,55
3648,370
3649,230
3650,100
3651,295
3652,390
3653,165
3654,385
3655,275
3656,320
3657,230
3658,130
3659,335
3660,95
3661,170
3662,275
3663,310
3664,310
3665,130
3666,25
3667,425
3668,60
3669,355
3670,145
3671,175
3672,215
3673,100
3674,255
3675,195
3676,260
3677,275
3678,310
3679,70
3680,120
3681,265
3682,360
3683,0
3684,285
3685,135
3686,200
3687,190
3688,255
3689,205
3690,140
3691,100
3692,105
3693,195
3694,270
3695,125
3696,225
3697,260
3698,15
3699,365
3700,145
3701,75
3702,130
3703,110
3704,195
3705,135
3706,65
3707,90
3708,270
3709,285
3710,240
3711,325
3712,365
3713,250
3714,160
3715,320
3716,185
3717,170
3718,185
3719,245
3720,115
3721,190
3722,210
3723,15
3724,210
3725,320
3726,275
3727,0
3728,30
3729,305
3730,275
3731,110
3732,385
3733,380
3734,15
3735,200
3736,260
3737,385
3738,315
3739,355
3740,215
3741,80
3742,240
3743,0
3744,70
3745,145
3746,125
3747,60
3748,305
3749,95
3750,255
3751,355
3752,150
3753,195
3754,320
3755,105
3756,210
3757,120
3758,280
3759,335
3760,355
3761,245
3762,165
3763,265
3764,120
3765,310
3766,125
3767,105
3768,175
3769,240
3770,320
3771,340
3772,500
3773,270
3774,250
3775,170
3776,205
3777,65
3778,255
3779,350
3780,195
3781,155
3782,450
3783,360
3784,135
3785,145
3786,150
3787,135
3788,335
3789,305
3790,40
3791,345
3792,20
3793,165
3794,310
3795,230
3796,355
3797,75
3798,105
3799,295
3800,225
3801,205
3802,285
3803,0
3804,250
3805,320
3806,60
3807,160
3808,205
3809,70
3810,230
3811,365
3812,445
3813,260
3814,520
3815,330
3816,435
3817,290
3818,135
3819,50
3820,310
3821,105
3822,195
3823,415
3824,375
3825,490
3826,400
3827,175
3828,265
3829,220
3830,290
3831,30
3832,345
3833,245
3834,170
3835,180
3836,360
3837,215
3838,360
3839,335
3840,40
3841,265
3842,285
3843,175
3844,85
3845,445
3846,425
3847,360
3848,185
3849,385
3850,435
3851,360
3852,200
3853,75
3854,190
3855,430
3856,200
3857,205
3858,370
3859,200
3860,490
3861,0
3862,295
3863,310
3864,370
3865,285
3866,140
3867,340
3868,425
3869,400
3870,320
3871,325
3872,120
3873,300
3874,220
3875,240
3876,330
3877,420
3878,455
3879,385
3880,255
3881,300
3882,180
3883,160
3884,365
3885,445
3886,335
3887,400
3888,45
3889,285
3890,130
3891,400
3892,220
3893,170
3894,330
3895,275
3896,275
3897,260
3898,375
3899,170
3900,305
3901,160
3902,525
3903,305
3904,75
3905,505
3906,315
3907,280
3908,0
3909,295
3910,305
3911,575
3912,150
3913,130
3914,555
3915,555
3916,250
3917,255
3918,80
3919,455
3920,410
3921,475
3922,210
3923,120
3924,480
3925,180
3926,275
3927,355
3928,220
3929,140
3930,230
3931,450
3932,300
3933,250
3934,275
3935,445
3936,360
3937,310
3938,555
3939,315
3940,270
3941,370
3942,415
3943,430
3944,395
3945,335
3946,520
3947,480
3948,195
3949,510
3950,295
3951,130
3952,350
3953,25
3954,480
3955,580
3956,335
3957,305
3958,390
3959,285
3960,180
3961,415
3962,135
3963,510
3964,375
3965,205
3966,440
3967,395
3968,260
3969,135
3970,360
3971,270
3972,275
3973,130
3974,580
3975,295
3976,425
3977,395
3978,330
3979,365
3980,275
3981,100
3982,155
3983,340
3984,245
3985,515
3986,420
3987,485
3988,395
3989,325
3990,580
3991,345
3992,395
3993,305
3994,445
3995,275
3996,390
3997,295
3998,270
3999,295
4000,290
4001,0
4002,335
4003,250
4004,405
4005,130
4006,580
4007,80
4008,375
4009,375
4010,135
4011,310
4012,275
4013,350
4014,265
4015,275
4016,290
4017,295
4018,395
4019,230
4020,490
4021,515
4022,425
4023,290
4024,290
4025,350
4026,305
4027,465
4028,270
4029,300
4030,235
4031,240
4032,360
4033,580
4034,235
4035,350
4036,380
4037,175
4038,580
4039,560
4040,355
4041,185
4042,385
4043,260
4044,325
4045,355
4046,525
4047,110
4048,255
4049,160
4050,410
4051,95
4052,455
4053,345
4054,360
4055,380
4056,360
4057,65
4058,340
4059,280
4060,180
4061,525
4062,505
4063,285
4064,295
4065,260
4066,260
4067,240
4068,135
4069,200
4070,585
4071,190
4072,260
4073,235
4074,200
4075,60
4076,315
4077,390
4078,275
4079,130
4080,430
4081,255
4082,0
4083,100
4084,320
4085,105
4086,140
4087,240
4088,235
4089,275
4090,190
4091,270
4092,0
4093,440
4094,365
4095,280
4096,85
4097,350
4098,245
4099,315
4100,300
4101,350
4102,90
4103,245
4104,245
4105,135
4106,235
4107,270
4108,320
4109,310
4110,320
4111,115
4112,390
4113,115
4114,145
4115,395
4116,225
4117,180
4118,185
4119,395
4120,415
4121,105
4122,295
4123,215
4124,130
4125,110
4126,210
4127,10
4128,290
4129,335
4130,240
4131,265
4132,265
4133,210
4134,200
4135,85
4136,45
4137,0
4138,105
4139,120
4140,0
4141,295
4142,150
4143,350
4144,305
4145,115
4146,265
4147,60
4148,195
4149,245
4150,145
4151,385
4152,275
4153,210
4154,120
4155,235
4156,235
4157,265
4158,250
4159,215
4160,65
4161,235
4162,75
4163,285
4164,285
4165,230
4166,325
4167,230
4168,220
4169,0
4170,340
4171,65
4172,235
4173,285
4174,125
4175,285
4176,360
4177,90
4178,5
4179,155
4180,270
4181,135
4182,120
4183,235
4184,340
4185,260
4186,275
4187,400
4188,235
4189,35
4190,270
4191,270
4192,260
4193,250
4194,235
4195,330
4196,110
4197,105
4198,220
4199,205
4200,225
4201,345
4202,210
4203,220
4204,110
4205,385
4206,115
4207,115
4208,350
4209,185
4210,355
4211,320
4212,80
4213,305
4214,305
4215,295
4216,125
4217,175
4218,400
4219,210
4220,260
4221,455
4222,45
4223,145
4224,340
4225,290
4226,165
4227,375
4228,180
4229,115
4230,190
4231,295
4232,235
4233,125
4234,310
4235,195
4236,330
4237,285
4238,285
4239,225
4240,360
4241,180
4242,50
4243,210
4244,365
4245,435
4246,275
4247,345
4248,410
4249,365
4250,235
4251,320
4252,55
4253,260
4254,290
4255,250
4256,245
4257,155
4258,0
4259,345
4260,505
4261,130
4262,200
4263,425
4264,490
4265,240
4266,210
4267,355
4268,315
4269,315
4270,125
4271,440
4272,250
4273,350
4274,275
4275,305
4276,335
4277,335
4278,200
4279,410
4280,420
4281,535
4282,385
4283,285
4284,350
4285,55
4286,185
4287,345
4288,345
4289,300
4290,175
4291,390
4292,195
4293,355
4294,195
4295,235
4296,580
4297,145
4298,230
4299,510
4300,125
4301,375
4302,560
4303,125
4304,520
4305,185
4306,460
4307,75
4308,215
4309,280
4310,305
4311,325
4312,300
4313,335
4314,365
4315,260
4316,375
4317,330
4318,245
4319,125
4320,475
4321,285
4322,250
4323,180
4324,490
4325,280
4326,420
4327,580
4328,115
4329,305
4330,255
4331,210
4332,255
4333,380
4334,430
4335,410
4336,325
4337,305
4338,235
4339,190
4340,305
4341,580
4342,320
4343,60
4344,350
4345,65
4346,115
4347,10
4348,315
4349,315
4350,330
4351,145
4352,250
4353,335
4354,275
4355,200
4356,135
4357,220
4358,205
4359,325
4360,240
4361,400
4362,535
4363,220
4364,160
4365,245
4366,155
4367,270
4368,380
4369,170
4370,55
4371,265
4372,170
4373,260
4374,365
4375,115
4376,580
4377,335
4378,420
4379,205
4380,425
4381,520
4382,210
4383,435
4384,125
4385,460
4386,405
4387,180
4388,190
4389,420
4390,450
4391,360
4392,20
4393,320
4394,370
4395,290
4396,345
4397,205
4398,80
4399,500
4400,80
4401,105
4402,210
4403,285
4404,275
4405,120
4406,180
4407,455
4408,175
4409,340
4410,335
4411,185
4412,15
4413,535
4414,235
4415,345
4416,405
4417,170
4418,285
4419,210
4420,330
4421,170
4422,500
4423,240
4424,375
4425,90
4426,365
4427,480
4428,345
4429,180
4430,190
4431,235
4432,360
4433,230
4434,0
4435,120
4436,140
4437,205
4438,260
4439,355
4440,0
4441,75
4442,0
4443,260
4444,65
4445,305
4446,235
4447,330
4448,380
4449,385
4450,240
4451,150
4452,250
4453,175
4454,115
4455,445
4456,260
4457,350
4458,520
4459,115
4460,305
4461,405
4462,100
4463,365
4464,20
4465,330
4466,265
4467,205
4468,180
4469,305
4470,350
4471,330
4472,95
4473,415
4474,355
4475,240
4476,120
4477,290
4478,285
4479,320
4480,40
4481,260
4482,160
4483,140
4484,175
4485,5
4486,265
4487,145
4488,235
4489,225
4490,260
4491,285
4492,265
4493,380
4494,160
4495,80
4496,220
4497,110
4498,215
4499,0
4500,60
4501,75
4502,170
4503,145
4504,305
4505,305
4506,320
4507,135
4508,355
4509,170
4510,145
4511,325
4512,255
4513,65
4514,250
4515,355
4516,480
4517,250
4518,450
4519,115
4520,130
4521,0
4522,10
4523,260
4524,0
4525,165
4526,275
4527,205
4528,150
4529,385
4530,190
4531,140
4532,320
4533,135
4534,185
4535,60
4536,90
4537,360
4538,250
4539,160
4540,250
4541,110
4542,225
4543,245
4544,240
4545,230
4546,175
4547,170
4548,0
4549,235
4550,420
4551,345
4552,335
4553,425
4554,335
4555,135
4556,300
4557,280
4558,285
4559,240
4560,280
4561,255
4562,370
4563,245
4564,195
4565,150
4566,225
4567,315
4568,230
4569,280
4570,110
4571,155
4572,80
4573,25
4574,230
4575,160
4576,245
4577,265
4578,110
4579,125
4580,250
4581,65
4582,195
4583,260
4584,345
4585,315
4586,420
4587,185
4588,250
4589,170
4590,230
4591,270
4592,125
4593,245
4594,210
4595,115
4596,285
4597,255
4598,215
4599,150
4600,170
4601,125
4602,220
4603,425
4604,220
4605,160
4606,95
4607,140
4608,155
4609,195
4610,125
4611,215
4612,365
4613,170
4614,280
4615,175
4616,0
4617,305
4618,45
4619,265
4620,130
4621,320
4622,395
4623,45
4624,285
4625,75
4626,160
4627,35
4628,135
4629,45
4630,85
4631,225
4632,225
4633,95
4634,120
4635,225
4636,235
4637,130
4638,205
4639,130
4640,255
4641,85
4642,370
4643,300
4644,355
4645,270
4646,130
4647,210
4648,350
4649,180
4650,330
4651,145
4652,190
4653,350
4654,135
4655,245
4656,80
4657,210
4658,165
4659,360
4660,0
4661,80
4662,55
4663,330
4664,35
4665,125
4666,255
4667,135
4668,170
4669,335
4670,270
4671,10
4672,230
4673,265
4674,300
4675,270
4676,85
4677,295
4678,315
4679,220
4680,330
4681,255
4682,300
4683,405
4684,100
4685,200
4686,385
4687,295
4688,295
4689,415
4690,0
4691,170
4692,260
4693,190
4694,315
4695,205
4696,125
4697,390
4698,325
4699,305
4700,505
4701,315
4702,225
4703,160
4704,215
4705,0
4706,275
4707,270
4708,270
4709,185
4710,45
4711,260
4712,315
4713,85
4714,370
4715,165
4716,350
4717,350
4718,105
4719,155
4720,400
4721,360
4722,320
4723,340
4724,120
4725,320
4726,375
4727,315
4728,390
4729,195
4730,0
4731,260
4732,300
4733,190
4734,270
4735,380
4736,60
4737,335
4738,245
4739,210
4740,345
4741,150
4742,135
4743,385
4744,270
4745,0
4746,470
4747,350
4748,395
4749,175
4750,240
4751,245
4752,420
4753,155
4754,400
4755,560
4756,385
4757,130
4758,205
4759,185
4760,330
4761,195
4762,160
4763,305
4764,155
4765,150
4766,370
4767,145
4768,130
4769,105
4770,195
4771,420
4772,65
4773,370
4774,80
4775,245
4776,285
4777,70
4778,415
4779,265
4780,300
4781,285
4782,190
4783,130
4784,275
4785,335
4786,255
4787,15
4788,400
4789,400
4790,170
4791,190
4792,355
4793,310
4794,160
4795,305
4796,80
4797,180
4798,205
4799,335
4800,185
4801,170
4802,100
4803,120
4804,420
4805,380
4806,345
4807,225
4808,355
4809,475
4810,165
4811,210
4812,365
4813,260
4814,295
4815,10
4816,145
4817,435
4818,385
4819,255
4820,265
4821,255
4822,235
4823,0
4824,95
4825,275
4826,195
4827,110
4828,225
4829,240
4830,315
4831,360
4832,100
4833,365
4834,260
4835,315
4836,25
4837,140
4838,340
4839,220
4840,260
4841,215
4842,180
4843,260
4844,185
4845,295
4846,235
4847,230
4848,455
4849,140
4850,185
4851,260
4852,170
4853,215
4854,225
4855,365
4856,165
4857,20
4858,110
4859,220
4860,205
4861,310
4862,405
4863,275
4864,150
4865,335
4866,410
4867,340
4868,185
4869,120
4870,200
4871,270
4872,250
4873,100
4874,190
4875,320
4876,285
4877,250
4878,135
4879,380
4880,115
4881,50
4882,75
4883,130
4884,20
4885,180
4886,450
4887,210
4888,255
4889,465
4890,145
4891,215
4892,350
4893,245
4894,430
4895,165
4896,200
4897,275
4898,345
4899,70
4900,280
4901,250
4902,275
4903,355
4904,125
4905,150
4906,315
4907,180
4908,190
4909,455
4910,110
4911,145
4912,230
4913,345
4914,115
4915,165
4916,300
4917,240
4918,70
4919,255
4920,385
4921,365
4922,95
4923,455
4924,225
4925,290
4926,345
4927,255
4928,365
4929,100
4930,45
4931,295
4932,385
4933,95
4934,135
4935,365
4936,375
4937,275
4938,305
4939,330
4940,0
4941,425
4942,460
4943,300
4944,455
4945,400
4946,580
4947,180
4948,180
4949,425
4950,160
4951,450
4952,285
4953,510
4954,445
4955,300
4956,125
4957,230
4958,305
4959,245
4960,270
4961,330
4962,575
4963,255
4964,555
4965,350
4966,520
4967,80
4968,230
4969,345
4970,375
4971,390
4972,580
4973,10
4974,330
4975,310
4976,370
4977,465
4978,515
4979,310
4980,580
4981,305
4982,395
4983,565
4984,550
4985,415
4986,420
4987,280
4988,580
4989,580
4990,235
4991,510
4992,325
4993,105
4994,395
4995,315
4996,580
4997,215
4998,520
4999,320
5000,355
